Risk_A,Risk_B,Risk_C,Risk_D,RiSk_E,Prob,Score,CONTROL_RISK,MONEY_Marks,Loss,label
2.508,0.5,1.0,0.676,0.4,0.2,2.4,0.4,2.0,0.0,1.0
0.0,0.966,1.0,0.188,0.4,0.2,2.0,0.4,2.0,0.0,0.0
0.102,0.046,1.0,0.0,0.4,0.2,2.0,0.4,2.0,0.0,0.0
0.0,6.48,3.6,7.05,0.4,0.2,4.4,0.4,6.0,0.0,1.0
0.0,0.016,1.0,0.0,0.4,0.2,2.0,0.4,2.0,0.0,0.0
0.0,0.166,1.0,0.59,0.4,0.2,2.0,0.4,2.0,0.0,0.0
0.44,2.964,1.0,26.97,0.4,0.2,3.2,0.4,6.0,0.0,1.0
5.1,7.218,2.2,3.116,0.4,0.2,4.2,0.4,4.0,0.0,1.0
5.04,6.63,2.2,2.936,0.4,0.2,4.2,0.4,4.0,0.0,1.0
2.388,0.198,1.0,0.386,0.4,0.2,2.4,0.4,2.0,0.0,0.0
3.258,6.462,1.0,0.884,0.4,0.2,3.6,0.4,2.0,0.0,1.0
9.228,24.084,1.0,0.192,0.8,0.4,4.0,1.2,2.0,1.0,1.0
3.282,3.052,1.0,6.258,0.4,0.4,3.6,0.8,6.0,0.0,1.0
0.436,0.07,1.0,0.0,0.4,0.2,2.2,0.4,2.0,0.0,0.0
0.0,0.168,1.0,0.0014,0.4,0.2,2.0,0.4,2.0,0.0,0.0
0.78,3.604,1.0,3.6,0.4,0.2,3.0,0.4,4.0,0.0,1.0
5.124,18.978,1.0,24.768,0.4,0.4,4.2,0.8,6.0,0.0,1.0
2.508,0.966,2.2,8.418,0.4,0.2,3.2,0.4,6.0,0.0,1.0
0.724,0.206,1.0,0.0,0.4,0.2,2.2,0.4,2.0,0.0,0.0
2.916,28.068,2.2,37.908,0.4,0.2,4.4,0.4,6.0,0.0,1.0
3.756,8.46,1.0,20.544,0.4,0.4,4.2,0.8,6.0,0.0,1.0
0.004,2.376,1.0,0.002,0.4,0.2,2.6,0.4,2.0,0.0,0.0
3.186,13.674,1.0,123.114,0.4,0.4,4.2,0.8,6.0,0.0,1.0
0.188,0.002,1.0,0.02,0.4,0.2,2.0,0.4,2.0,0.0,0.0
3.468,34.752,1.0,6.696,0.4,0.2,4.0,0.4,6.0,0.0,1.0
4.452,0.448,1.0,0.25,0.4,0.2,2.4,0.4,2.0,0.0,1.0
0.0,0.22,1.0,0.0014,0.4,0.2,2.0,0.4,2.0,0.0,0.0
4.11,19.056,1.0,0.292,0.4,0.2,3.6,0.4,2.0,0.0,1.0
0.0,0.206,1.0,0.0,0.4,0.2,2.0,0.4,2.0,0.0,0.0
0.0,0.15,1.0,2.712,0.4,0.2,2.2,0.4,4.0,0.0,0.0
1.44,9.978,1.0,0.232,0.4,0.2,3.6,0.4,2.0,0.0,1.0
0.0,0.01,1.0,91.446,0.4,0.2,2.4,0.4,6.0,0.0,1.0
0.0,0.352,1.0,0.216,0.4,0.2,2.0,0.4,2.0,0.0,0.0
0.0,0.594,1.0,0.568,0.4,0.2,2.0,0.4,2.0,0.0,0.0
0.0,0.086,1.0,0.0,0.4,0.2,2.0,0.4,2.0,0.0,0.0
0.0,0.188,1.0,0.18,0.4,0.2,2.0,0.4,2.0,0.0,0.0
5.406,11.892,1.0,3.868,0.4,0.2,3.8,0.4,4.0,0.0,1.0
0.0,0.01,1.0,0.0,0.4,0.2,2.0,0.4,2.0,0.0,0.0
7.17,18.54,1.0,19.608,0.4,0.2,4.0,0.4,6.0,0.0,1.0
4.782,10.308,1.0,561.018,0.4,0.2,4.0,0.4,6.0,0.0,1.0
0.0,0.742,1.0,17.778,0.4,0.2,2.4,0.4,6.0,0.0,1.0
0.124,0.404,1.0,0.022,0.4,0.2,2.0,0.4,2.0,0.0,0.0
0.0,0.454,1.0,0.524,0.4,0.2,2.0,0.4,2.0,0.0,0.0
0.0,0.0,1.0,0.0,0.4,0.2,2.0,0.4,2.0,0.0,0.0
0.528,0.0,1.0,0.012,0.4,0.2,2.2,0.4,2.0,0.0,0.0
0.0,0.206,1.0,0.486,0.4,0.2,2.0,0.4,2.0,0.0,0.0
0.0,9.228,1.0,75.678,0.4,0.2,3.6,0.4,6.0,0.0,1.0
0.0,0.204,1.0,0.0,0.4,0.2,2.0,0.4,2.0,0.0,0.0
0.0,12.426,1.0,12.474,0.4,0.6,4.0,1.6,6.0,0.0,1.0
1.77,2.624,1.0,94.152,0.4,0.2,3.4,0.4,6.0,0.0,1.0
0.788,0.42,1.0,7.374,1.2,0.2,3.0,1.2,6.0,2.0,1.0
0.0,10.83,1.0,0.458,0.4,0.2,3.2,0.4,2.0,0.0,1.0
0.0,0.186,1.0,3.112,0.4,0.2,2.2,0.4,4.0,0.0,0.0
0.0,0.322,1.0,0.502,0.4,0.2,2.0,0.4,2.0,0.0,0.0
3.792,3.604,1.0,3.324,0.4,0.2,3.2,0.4,4.0,0.0,1.0
0.0,0.21,1.0,0.032,0.4,0.2,2.0,0.4,2.0,0.0,0.0
0.0,2.72,1.0,28.74,0.4,0.2,3.0,0.4,6.0,0.0,1.0
8.424,6.498,1.0,3.564,0.4,0.2,3.8,0.4,4.0,0.0,1.0
4.002,10.812,2.2,0.99,0.4,0.6,4.4,1.6,2.0,0.0,1.0
0.0,0.0,1.0,0.35,0.4,0.2,2.0,0.4,2.0,0.0,0.0
0.0,0.016,1.0,0.136,0.4,0.2,2.0,0.4,2.0,0.0,0.0
0.504,0.01,1.0,0.0,0.4,0.2,2.2,0.4,2.0,0.0,0.0
0.0,0.006,1.0,0.012,0.4,0.2,2.0,0.4,2.0,0.0,0.0
0.0,0.158,1.0,9.492,0.4,0.2,2.4,0.4,6.0,0.0,1.0
2.856,7.818,1.0,0.116,0.4,0.4,3.8,0.8,2.0,0.0,1.0
5.286,3.608,1.0,129.186,0.4,0.4,3.6,0.8,6.0,0.0,1.0
0.0,0.014,1.0,0.0,0.4,0.2,2.0,0.4,2.0,0.0,0.0
8.352,0.44,1.0,0.01,0.4,0.2,2.4,0.4,2.0,0.0,1.0
0.428,0.0,1.0,0.0,0.4,0.2,2.2,0.4,2.0,0.0,0.0
0.0,0.178,1.0,0.0,0.4,0.2,2.0,0.4,2.0,0.0,0.0
0.0,0.796,3.6,32.004,0.4,0.2,3.2,0.4,6.0,0.0,1.0
6.0,44.556,2.2,6.696,0.4,0.6,4.8,2.2,6.0,0.0,1.0
2.544,3.224,1.0,6.414,0.4,0.2,3.4,0.4,6.0,0.0,1.0
7.362,43.476,1.0,2.276,0.4,0.2,3.8,0.4,4.0,0.0,1.0
0.0,0.192,1.0,0.27,0.4,0.2,2.0,0.4,2.0,0.0,0.0
7.62,0.256,1.0,7.014,0.4,0.2,2.8,0.4,6.0,0.0,1.0
0.0,37.878,1.0,8.76,0.4,0.4,3.8,0.8,6.0,0.0,1.0
0.796,6.144,1.0,12.468,0.4,0.2,3.8,0.4,6.0,0.0,1.0
0.01,0.042,2.2,61.332,0.4,0.2,2.8,0.4,6.0,0.0,1.0
0.0,2.948,1.0,0.148,0.4,0.2,2.6,0.4,2.0,0.0,0.0
0.0,0.744,1.0,0.0,0.4,0.6,2.4,5.8,2.0,0.0,1.0
42.888,15.378,1.0,524.022,0.4,0.2,4.0,0.4,6.0,0.0,1.0
0.0,0.0,1.0,0.0,0.4,0.2,2.0,0.4,2.0,0.0,0.0
0.148,0.2,1.0,0.0,0.4,0.2,2.0,0.4,2.0,0.0,0.0
0.0,0.116,1.0,0.0,0.4,0.2,2.0,0.4,2.0,0.0,0.0
5.076,43.656,1.0,0.28,0.8,0.6,4.2,2.0,2.0,1.0,1.0
0.084,0.014,1.0,0.084,0.4,0.2,2.0,0.4,2.0,0.0,0.0
0.002,0.258,2.2,21.912,0.8,0.2,3.0,0.8,6.0,0.0,1.0
4.11,39.558,2.2,2.408,0.8,0.2,4.4,0.8,4.0,0.0,1.0
3.222,3.448,1.0,10.296,0.8,0.2,3.6,0.8,6.0,0.0,1.0
2.958,2.616,2.2,7.746,0.8,0.2,4.0,0.8,6.0,0.0,1.0
0.488,0.012,1.0,0.0,0.8,0.2,2.4,0.8,2.0,0.0,0.0
0.0,0.17,1.0,0.0,0.8,0.2,2.2,0.8,2.0,0.0,0.0
9.432,34.764,3.6,6.474,1.2,0.2,5.2,1.2,6.0,0.0,1.0
2.97,25.566,1.0,0.692,1.2,0.4,4.2,1.6,2.0,0.0,1.0
0.0,0.016,1.0,0.012,1.2,0.2,2.4,1.2,2.0,0.0,1.0
0.476,7.728,1.0,0.466,1.2,0.2,3.8,1.2,2.0,0.0,1.0
0.0,0.544,1.0,2.232,1.2,0.2,2.6,1.2,4.0,0.0,1.0
0.0,0.332,1.0,0.152,1.2,0.2,2.4,1.2,2.0,0.0,1.0
3.882,7.308,1.0,15.162,1.2,0.2,4.4,1.2,6.0,0.0,1.0
0.532,0.0,1.0,0.04,1.2,0.2,2.6,1.2,2.0,0.0,1.0
0.0,0.22,1.0,0.0,1.2,0.2,2.4,1.2,2.0,0.0,1.0
1.542,0.898,1.0,3.024,0.4,0.4,2.8,0.8,4.0,0.0,1.0
0.0,0.376,1.0,0.0,0.4,0.2,2.0,0.4,2.0,0.0,0.0
0.154,10.986,1.0,40.218,0.4,0.2,3.6,0.4,6.0,0.0,1.0
3.138,2.356,1.0,11.64,0.4,0.2,3.4,0.4,6.0,0.0,1.0
3.954,14.196,1.0,20.898,0.4,0.4,4.2,0.8,6.0,0.0,1.0
4.308,8.778,1.0,59.25,0.4,0.2,4.0,0.4,6.0,0.0,1.0
0.4,0.0,1.0,0.072,0.4,0.2,2.2,0.4,2.0,0.0,0.0
0.0,0.012,1.0,0.0,0.4,0.2,2.0,0.4,2.0,0.0,0.0
1.578,0.51,1.0,0.0,0.4,0.2,2.4,0.4,2.0,0.0,0.0
0.0,0.174,1.0,0.0,0.4,0.2,2.0,0.4,2.0,0.0,0.0
6.576,24.882,1.0,21.126,0.4,0.4,4.2,0.8,6.0,0.0,1.0
0.0,0.046,1.0,0.0,0.4,0.2,2.0,0.4,2.0,0.0,0.0
2.55,27.306,2.2,3.28,0.4,0.2,4.2,0.4,4.0,0.0,1.0
0.792,30.852,2.2,12.198,0.4,0.4,4.4,0.8,6.0,0.0,1.0
0.576,17.55,1.0,21.078,0.4,0.2,3.8,0.4,6.0,0.0,1.0
0.608,22.398,2.2,38.22,0.4,0.2,4.2,0.4,6.0,0.0,1.0
2.178,4.34,1.0,0.056,0.4,0.2,3.0,0.4,2.0,0.0,1.0
0.54,39.81,2.2,16.278,0.4,0.6,4.6,2.2,6.0,0.0,1.0
5.982,53.238,1.0,6.162,0.4,0.2,4.0,0.4,6.0,0.0,1.0
0.564,21.696,1.0,7.83,1.2,0.2,4.2,1.2,6.0,2.0,1.0
0.792,40.746,2.2,11.274,0.4,0.4,4.4,0.8,6.0,0.0,1.0
6.048,13.386,2.2,10.092,0.4,0.2,4.4,0.4,6.0,0.0,1.0
0.576,3.86,3.9,6.018,0.4,0.2,4.0,0.4,6.0,0.0,1.0
15.24,31.044,1.0,7.602,1.2,0.6,4.8,2.4,6.0,0.0,1.0
1.926,43.242,1.0,8.274,1.2,0.4,4.6,1.6,6.0,0.0,1.0
7.368,12.372,1.0,6.096,0.4,0.4,4.2,0.8,6.0,0.0,1.0
4.158,42.156,1.0,3.892,0.4,0.2,3.8,0.4,4.0,0.0,1.0
2.004,22.554,1.0,16.17,0.4,0.2,4.0,0.4,6.0,0.0,1.0
9.396,44.718,1.0,17.442,0.4,0.2,4.0,0.4,6.0,0.0,1.0
1.752,2.096,1.0,3.904,0.4,0.2,3.2,0.4,4.0,0.0,1.0
0.166,16.836,1.0,7.986,0.4,0.2,3.6,0.4,6.0,0.0,1.0
0.788,18.15,1.0,0.136,0.4,0.2,3.4,0.4,2.0,0.0,1.0
6.0,28.74,1.0,3.08,0.4,0.2,3.8,0.4,4.0,0.0,1.0
7.836,27.252,1.0,6.24,0.4,0.2,4.0,0.4,6.0,0.0,1.0
0.54,19.95,2.2,12.372,0.4,0.2,4.2,0.4,6.0,0.0,1.0
2.478,10.044,1.0,26.412,0.4,0.2,4.0,0.4,6.0,0.0,1.0
7.572,48.036,2.2,26.118,0.8,0.2,4.6,0.8,6.0,0.0,1.0
9.816,24.66,1.0,7.218,0.8,0.2,4.2,0.8,6.0,0.0,1.0
7.608,24.6,2.2,7.128,0.4,0.2,4.4,0.4,6.0,0.0,1.0
7.038,51.522,1.0,2.784,0.4,0.4,4.0,0.8,4.0,0.0,1.0
3.09,26.802,2.2,12.642,0.4,0.2,4.4,0.4,6.0,0.0,1.0
3.966,33.372,1.0,34.296,0.8,0.2,4.2,0.8,6.0,1.0,1.0
4.818,56.658,2.2,6.39,0.4,0.6,4.8,1.6,6.0,0.0,1.0
0.484,20.418,1.0,2.144,0.4,0.2,3.6,0.4,4.0,0.0,1.0
0.656,27.726,1.0,0.49,0.4,0.2,3.4,0.4,2.0,0.0,1.0
0.484,26.304,2.2,18.966,0.4,0.2,4.2,0.4,6.0,0.0,1.0
0.44,52.626,2.2,20.592,0.4,0.2,4.2,0.4,6.0,0.0,1.0
2.502,14.622,1.0,0.848,0.4,0.2,3.6,0.4,2.0,0.0,1.0
0.432,19.626,1.0,3.352,0.4,0.2,3.6,0.4,4.0,0.0,1.0
7.374,15.444,1.0,13.26,0.8,0.2,4.2,0.8,6.0,1.0,1.0
7.524,18.972,1.0,32.442,0.4,0.2,4.0,0.4,6.0,0.0,1.0
10.356,26.532,1.0,16.608,0.4,0.4,4.2,0.8,6.0,0.0,1.0
0.46,12.06,3.6,12.87,0.4,0.2,4.6,0.4,6.0,0.0,1.0
12.024,29.34,1.0,6.654,0.4,0.2,4.0,0.4,6.0,0.0,1.0
7.302,28.2,3.6,6.084,0.4,0.2,4.8,0.4,6.0,0.0,1.0
6.222,63.336,5.4,31.278,0.4,0.2,4.8,0.4,6.0,0.0,1.0
5.802,37.35,2.2,10.212,0.4,0.2,4.4,0.4,6.0,0.0,1.0
2.262,24.516,1.0,10.8,0.4,0.2,4.0,0.4,6.0,0.0,1.0
2.838,36.132,1.0,41.856,0.4,0.2,4.0,0.4,6.0,0.0,1.0
3.786,11.652,2.2,8.328,0.4,0.2,4.4,0.4,6.0,0.0,1.0
3.366,0.312,1.0,0.806,0.4,0.2,2.4,0.4,2.0,0.0,1.0
3.132,12.564,1.0,0.488,0.4,0.2,3.6,0.4,2.0,0.0,1.0
0.062,34.872,1.0,47.388,0.8,0.2,3.8,0.8,6.0,1.0,1.0
1.716,10.254,2.2,2.752,0.4,0.2,4.2,0.4,4.0,0.0,1.0
9.918,43.794,1.0,2.196,0.4,0.4,4.0,0.8,4.0,0.0,1.0
1.62,27.096,1.0,22.674,0.4,0.2,4.0,0.4,6.0,0.0,1.0
1.848,36.468,1.0,0.072,0.4,0.2,3.6,0.4,2.0,0.0,1.0
1.2,29.514,1.0,36.528,0.4,0.4,4.2,0.8,6.0,0.0,1.0
0.472,0.0,2.2,109.92,0.8,0.2,3.2,0.8,6.0,1.0,1.0
0.428,0.0,1.0,6.012,0.4,0.2,2.6,0.4,6.0,0.0,1.0
0.428,0.0,1.0,0.0,1.2,0.2,2.6,1.2,2.0,0.0,1.0
0.404,0.0,1.0,0.0,0.4,0.2,2.2,0.4,2.0,0.0,0.0
0.186,0.0,1.0,0.0,0.4,0.2,2.0,0.4,2.0,0.0,0.0
2.406,0.0,1.0,0.0,0.4,0.2,2.4,0.4,2.0,0.0,0.0
0.154,0.0,1.0,0.064,0.4,0.2,2.0,0.4,2.0,0.0,0.0
0.42,0.0,1.0,0.0,0.4,0.2,2.2,0.4,2.0,0.0,0.0
0.404,0.0,1.0,0.056,0.4,0.2,2.2,0.4,2.0,0.0,0.0
0.182,0.0,1.0,0.0,0.4,0.2,2.0,0.4,2.0,0.0,0.0
0.448,0.0,1.0,0.0,0.4,0.2,2.2,0.4,2.0,0.0,0.0
0.16,0.0,1.0,0.036,0.4,0.2,2.0,0.4,2.0,0.0,0.0
0.13,0.0,1.0,0.0,0.4,0.2,2.0,0.4,2.0,0.0,0.0
0.126,0.0,1.0,0.0,0.4,0.2,2.0,0.4,2.0,0.0,0.0
0.086,0.0,1.0,0.0,0.4,0.2,2.0,0.4,2.0,0.0,0.0
0.484,0.0,1.0,0.0,0.4,0.2,2.2,0.4,2.0,0.0,0.0
0.034,0.0,1.0,0.0,0.4,0.2,2.0,0.4,2.0,0.0,0.0
0.0,0.0,1.0,0.0,0.8,0.2,2.2,0.8,2.0,0.0,0.0
0.0,0.0,1.0,0.0,0.4,0.2,2.0,0.4,2.0,0.0,0.0
0.014,0.0,1.0,0.0,0.4,0.2,2.0,0.4,2.0,0.0,0.0
3.066,32.256,3.6,29.136,0.4,0.6,5.2,1.6,6.0,0.0,1.0
1.476,2.688,1.0,0.0,0.4,0.2,3.0,0.4,2.0,0.0,1.0
2.43,12.996,2.2,11.07,0.4,0.2,4.4,0.4,6.0,0.0,1.0
1.686,0.92,1.0,3.376,0.4,0.2,2.6,0.4,4.0,0.0,1.0
2.658,36.882,2.2,23.79,0.4,0.2,4.4,0.4,6.0,0.0,1.0
2.088,10.71,1.0,3.812,0.4,0.2,3.8,0.4,4.0,0.0,1.0
2.172,26.568,1.0,26.802,0.4,0.2,4.0,0.4,6.0,0.0,1.0
2.604,14.478,1.0,0.684,0.4,0.2,3.6,0.4,2.0,0.0,1.0
2.172,3.348,1.0,0.0,0.4,0.2,3.0,0.4,2.0,0.0,1.0
1.866,68.382,2.2,15.984,0.4,0.2,4.4,0.4,6.0,0.0,1.0
0.66,12.516,1.0,10.146,0.4,0.2,3.8,0.4,6.0,0.0,1.0
2.058,0.306,1.0,0.0,0.4,0.2,2.4,0.4,2.0,0.0,0.0
2.304,59.202,1.0,7.74,0.4,0.2,4.0,0.4,6.0,0.0,1.0
4.452,69.522,3.6,2.716,0.4,0.4,4.8,0.8,4.0,0.0,1.0
4.242,21.288,1.0,3.504,0.4,0.2,3.8,0.4,4.0,0.0,1.0
1.956,2.22,1.0,0.042,1.2,0.2,3.4,1.2,2.0,0.0,1.0
2.304,86.634,1.0,11.808,0.8,0.4,4.4,1.2,6.0,1.0,1.0
3.3,55.956,1.0,8.562,0.4,0.2,4.0,0.4,6.0,0.0,1.0
0.76,21.024,3.9,9.714,0.4,0.2,4.6,0.4,6.0,0.0,1.0
2.1,9.654,1.0,2.012,0.4,0.2,3.8,0.4,4.0,0.0,1.0
0.584,0.15,1.0,0.022,0.4,0.2,2.2,0.4,2.0,0.0,0.0
2.76,32.994,1.0,8.46,0.4,0.2,4.0,0.4,6.0,0.0,1.0
4.458,47.7,1.0,61.434,0.4,0.2,4.0,0.4,6.0,0.0,1.0
2.106,31.734,1.0,0.852,0.4,0.2,3.6,0.4,2.0,0.0,1.0
3.39,40.296,3.6,16.338,0.4,0.2,4.8,0.4,6.0,0.0,1.0
0.532,0.07,1.0,0.0,0.4,0.2,2.2,0.4,2.0,0.0,0.0
3.27,42.654,2.2,35.508,0.4,0.2,4.4,0.4,6.0,0.0,1.0
0.692,2.256,1.0,8.01,0.4,0.2,3.2,0.4,6.0,0.0,1.0
3.612,81.414,3.6,53.784,0.8,0.2,5.0,0.8,6.0,0.0,1.0
1.932,33.384,1.0,48.48,0.8,0.2,4.2,0.8,6.0,1.0,1.0
1.446,2.112,1.0,3.58,0.8,0.2,3.4,0.8,4.0,0.0,1.0
1.704,38.946,2.2,74.754,0.8,0.2,4.6,0.8,6.0,0.0,1.0
0.7,0.114,1.0,0.0,0.8,0.2,2.4,0.8,2.0,0.0,1.0
1.308,18.486,1.0,2.32,0.8,0.2,4.0,0.8,4.0,0.0,1.0
1.956,0.562,3.6,12.96,0.8,0.2,3.8,0.8,6.0,0.0,1.0
2.658,30.792,2.2,87.582,0.4,0.2,4.4,0.4,6.0,0.0,1.0
3.366,59.598,3.9,45.882,0.4,0.2,4.8,0.4,6.0,0.0,1.0
2.34,16.752,1.0,28.56,0.4,0.2,4.0,0.4,6.0,0.0,1.0
1.314,0.136,1.0,17.04,0.4,0.2,2.8,0.4,6.0,0.0,1.0
0.624,5.856,1.0,15.582,0.4,0.2,3.2,0.4,6.0,0.0,1.0
2.718,52.758,1.0,51.486,0.4,0.2,4.0,0.4,6.0,0.0,1.0
2.982,25.314,2.2,27.222,0.4,0.2,4.4,0.4,6.0,0.0,1.0
1.278,0.118,1.0,0.152,0.4,0.2,2.4,0.4,2.0,0.0,0.0
2.196,9.282,1.0,0.286,0.4,0.2,3.6,0.4,2.0,0.0,1.0
0.656,0.038,1.0,0.318,0.4,0.2,2.2,0.4,2.0,0.0,0.0
2.94,59.226,2.2,49.794,0.4,0.4,4.6,0.8,6.0,0.0,1.0
3.408,40.428,1.0,52.02,0.4,0.4,4.2,0.8,6.0,0.0,1.0
2.394,55.23,1.0,9.084,0.4,0.4,4.2,0.8,6.0,0.0,1.0
2.082,28.242,1.0,18.828,0.4,0.2,4.0,0.4,6.0,0.0,1.0
1.608,22.992,1.0,2.868,0.4,0.2,3.8,0.4,4.0,0.0,1.0
1.278,25.584,1.0,10.944,0.4,0.2,4.0,0.4,6.0,0.0,1.0
2.568,758.778,2.2,35.316,1.2,0.6,5.2,2.4,6.0,0.0,1.0
2.616,20.346,2.2,2.424,2.4,0.2,4.8,2.4,4.0,1.0,1.0
1.338,0.908,1.0,13.68,1.2,0.2,3.2,1.2,6.0,0.0,1.0
1.2,0.064,1.0,2.148,0.4,0.2,2.6,0.4,4.0,0.0,0.0
1.824,40.422,3.9,46.482,0.4,0.2,4.8,0.4,6.0,0.0,1.0
0.476,73.242,1.0,9.12,0.4,0.2,3.8,0.4,6.0,0.0,1.0
0.54,0.0,3.6,408.084,0.4,0.2,3.4,0.4,6.0,0.0,1.0
0.456,0.0,1.0,0.142,0.4,0.2,2.2,0.4,2.0,0.0,0.0
0.604,0.0,1.0,0.0,0.4,0.2,2.2,0.4,2.0,0.0,0.0
0.452,0.0,1.0,0.0,0.4,0.2,2.2,0.4,2.0,0.0,0.0
0.6,0.0,1.0,0.288,0.4,0.2,2.2,0.4,2.0,0.0,0.0
0.192,0.0,1.0,0.0,0.4,0.2,2.0,0.4,2.0,0.0,0.0
0.64,0.0,1.0,0.0,0.4,0.2,2.2,0.4,2.0,0.0,0.0
0.536,0.0,1.0,0.0,0.8,0.2,2.4,0.8,2.0,0.0,0.0
0.64,0.0,1.0,0.012,0.4,0.2,2.2,0.4,2.0,0.0,0.0
0.452,0.0,1.0,0.004,0.4,0.2,2.2,0.4,2.0,0.0,0.0
0.0,0.0,1.0,0.0,0.4,0.2,2.0,0.4,2.0,0.0,0.0
0.0,0.0,1.0,0.0,0.4,0.2,2.0,0.4,2.0,0.0,0.0
0.154,0.0,1.0,0.92,0.4,0.2,2.0,0.4,2.0,0.0,0.0
0.42,0.0,1.0,0.0,0.4,0.2,2.2,0.4,2.0,0.0,0.0
0.0,0.0,1.0,0.0,0.4,0.2,2.0,0.4,2.0,0.0,0.0
0.0,0.0,1.0,18.51,0.4,0.2,2.4,0.4,6.0,0.0,1.0
0.0,0.0,1.0,0.0,0.8,0.2,2.2,0.8,2.0,0.0,0.0
0.0,0.0,1.0,0.0,0.4,0.2,2.0,0.4,2.0,0.0,0.0
0.168,0.0,1.0,3.284,0.4,0.2,2.2,0.4,4.0,0.0,0.0
0.0,0.0,1.0,0.0,0.4,0.2,2.0,0.4,2.0,0.0,0.0
0.17,0.0,1.0,0.0,0.4,0.2,2.0,0.4,2.0,0.0,0.0
0.0,0.056,1.0,0.0,0.4,0.2,2.0,0.4,2.0,0.0,0.0
0.122,0.014,1.0,0.0,0.4,0.2,2.0,0.4,2.0,0.0,0.0
0.0,0.124,1.0,0.0,0.4,0.2,2.0,0.4,2.0,0.0,0.0
2.058,0.4,2.2,29.586,0.8,0.4,4.2,1.2,6.0,1.0,1.0
0.652,3.516,1.0,0.738,0.4,0.2,3.4,0.4,2.0,0.0,1.0
2.25,0.5,3.6,6.75,1.2,0.2,4.6,1.2,6.0,0.0,1.0
1.374,1.584,1.0,0.616,0.4,0.2,3.6,0.4,2.0,0.0,0.0
1.506,5.154,2.2,9.618,0.4,0.6,4.8,3.4,6.0,0.0,1.0
1.326,3.126,1.0,0.686,0.4,0.2,3.6,0.4,2.0,0.0,1.0
1.332,3.738,1.0,0.178,0.4,0.2,3.6,0.4,2.0,0.0,1.0
0.668,0.078,1.0,0.286,0.4,0.2,2.2,0.4,2.0,0.0,0.0
1.554,0.132,1.0,0.256,0.4,0.2,2.4,0.4,2.0,0.0,0.0
1.434,4.632,1.0,2.168,0.4,0.4,4.0,0.8,4.0,0.0,1.0
2.052,6.33,1.0,2.784,0.4,0.2,3.8,0.4,4.0,0.0,1.0
2.166,1.278,1.0,2.164,0.8,0.6,4.4,2.0,4.0,1.0,1.0
0.744,2.706,1.0,2.908,0.4,0.2,3.6,0.4,4.0,0.0,1.0
0.76,4.782,1.0,3.44,0.4,0.4,3.8,0.8,4.0,0.0,1.0
1.974,3.846,1.0,0.732,0.4,0.2,3.6,0.4,2.0,0.0,1.0
1.56,0.456,1.0,3.504,0.4,0.4,3.4,0.8,4.0,0.0,1.0
2.286,6.912,1.0,0.65,0.8,0.2,3.8,0.8,2.0,0.0,1.0
1.26,3.036,1.0,2.164,0.4,0.2,3.8,0.4,4.0,0.0,1.0
1.332,2.04,1.0,15.768,0.4,0.4,4.2,0.8,6.0,0.0,1.0
0.192,0.024,1.0,0.044,0.4,0.2,2.0,0.4,2.0,0.0,0.0
0.162,2.76,1.0,0.364,0.4,0.2,3.2,0.4,2.0,0.0,0.0
0.5,0.004,1.0,0.164,0.4,0.2,2.2,0.4,2.0,0.0,0.0
0.66,0.004,1.0,16.794,0.4,0.2,2.6,0.4,6.0,0.0,1.0
0.66,0.004,1.0,0.494,0.4,0.2,2.2,0.4,2.0,0.0,0.0
1.278,0.022,1.0,3.016,0.4,0.2,2.6,0.4,4.0,0.0,1.0
0.088,0.004,1.0,16.26,1.2,0.2,2.8,1.2,6.0,0.0,1.0
0.524,0.024,2.2,0.0,1.2,0.2,3.0,1.2,2.0,0.0,1.0
0.078,0.028,1.0,0.116,0.4,0.2,2.0,0.4,2.0,0.0,0.0
0.4,0.44,1.0,0.0,0.4,0.2,2.8,0.4,2.0,0.0,0.0
0.084,0.054,1.0,0.0,0.4,0.2,2.0,0.4,2.0,0.0,0.0
0.428,0.118,1.0,0.0,0.4,0.2,2.2,0.4,2.0,0.0,0.0
0.516,0.05,1.0,0.0,0.4,0.2,2.2,0.4,2.0,0.0,0.0
0.004,0.174,1.0,0.008,0.4,0.2,2.0,0.4,2.0,0.0,0.0
0.584,0.11,1.0,0.134,0.4,0.2,2.2,0.4,2.0,0.0,0.0
0.168,0.012,1.0,0.144,0.4,0.2,2.0,0.4,2.0,0.0,0.0
0.132,0.548,1.0,0.168,0.8,0.2,2.8,0.8,2.0,0.0,1.0
0.106,3.24,1.0,0.144,0.4,0.2,3.2,0.4,2.0,0.0,0.0
0.078,0.094,1.0,0.0,0.4,0.2,2.0,0.4,2.0,0.0,0.0
0.102,0.094,1.0,0.0,0.4,0.2,2.0,0.4,2.0,0.0,0.0
0.094,0.058,1.0,0.014,0.4,0.2,2.0,0.4,2.0,0.0,0.0
2.01,0.198,1.0,0.024,0.4,0.2,2.4,0.4,2.0,0.0,0.0
0.064,0.098,1.0,2.692,1.2,0.2,2.6,1.2,4.0,0.0,1.0
0.102,0.0,1.0,0.0,1.2,0.2,2.4,1.2,2.0,0.0,1.0
0.0,0.0,1.0,0.01,0.4,0.2,2.0,0.4,2.0,0.0,0.0
0.062,0.138,1.0,0.0,0.4,0.2,2.0,0.4,2.0,0.0,0.0
0.122,0.616,1.0,0.114,0.4,0.2,2.6,0.4,2.0,0.0,0.0
0.052,0.034,1.0,0.0,0.4,0.2,2.0,0.4,2.0,0.0,0.0
0.146,0.01,1.0,2.456,1.2,0.2,2.6,1.2,4.0,0.0,1.0
0.0,0.0,1.0,0.0,1.2,0.2,2.4,1.2,2.0,0.0,1.0
0.508,0.404,1.0,0.23,0.4,0.2,2.8,0.4,2.0,0.0,0.0
0.648,0.098,1.0,0.0,0.4,0.2,2.2,0.4,2.0,0.0,0.0
0.616,0.092,1.0,0.114,0.4,0.2,2.2,0.4,2.0,0.0,0.0
1.308,0.186,1.0,0.0,1.2,0.2,2.8,1.2,2.0,0.0,1.0
4.554,0.588,2.2,21.774,1.2,0.2,4.2,1.2,6.0,0.0,1.0
0.152,0.068,1.0,0.0,1.2,0.2,2.4,1.2,2.0,0.0,1.0
0.076,0.17,1.0,0.008,0.4,0.2,2.0,0.4,2.0,0.0,0.0
0.516,0.026,1.0,0.0,0.4,0.2,2.2,0.4,2.0,0.0,0.0
0.796,0.126,1.0,0.0,0.4,0.2,2.2,0.4,2.0,0.0,0.0
0.0,0.0,1.0,0.0,0.4,0.2,2.0,0.4,2.0,0.0,0.0
0.004,0.01,1.0,0.0,0.4,0.2,2.0,0.4,2.0,0.0,0.0
0.028,0.016,1.0,0.0,0.4,0.2,2.0,0.4,2.0,0.0,0.0
0.018,0.0,1.0,0.0,0.4,0.2,2.0,0.4,2.0,0.0,0.0
0.0,0.0,1.0,0.0,0.4,0.2,2.0,0.4,2.0,0.0,0.0
0.0,0.0,1.0,0.0,0.4,0.2,2.0,0.4,2.0,0.0,0.0
0.002,0.0014,1.0,0.0,0.4,0.2,2.0,0.4,2.0,0.0,0.0
0.034,0.008,1.0,0.0,0.4,0.2,2.0,0.4,2.0,0.0,0.0
0.664,0.166,1.0,0.062,1.2,0.2,2.6,1.2,2.0,0.0,1.0
0.1,0.008,1.0,0.0,1.2,0.2,2.4,1.2,2.0,0.0,1.0
0.18,0.058,1.0,0.244,1.2,0.2,2.4,1.2,2.0,0.0,1.0
0.0,0.0,1.0,0.046,1.2,0.2,2.4,1.2,2.0,0.0,1.0
34.218,80.598,1.0,506.622,0.4,0.2,4.0,0.4,6.0,0.0,1.0
0.116,0.0,1.0,0.0,0.4,0.2,2.0,0.4,2.0,0.0,0.0
0.608,0.0,1.0,2.784,0.4,0.2,2.4,0.4,4.0,0.0,0.0
0.18,0.0,1.0,0.39,0.4,0.2,2.0,0.4,2.0,0.0,0.0
0.476,0.0,1.0,0.0,0.4,0.2,2.2,0.4,2.0,0.0,0.0
0.106,0.0,1.0,0.466,0.4,0.2,2.0,0.4,2.0,0.0,0.0
0.186,0.0,1.0,0.022,0.4,0.2,2.0,0.4,2.0,0.0,0.0
0.756,0.0,1.0,0.0,0.4,0.2,2.2,0.4,2.0,0.0,0.0
0.684,0.0,1.0,0.018,0.4,0.2,2.2,0.4,2.0,0.0,0.0
0.152,0.0,1.0,2.992,0.4,0.2,2.2,0.4,4.0,0.0,0.0
0.192,0.0,1.0,3.78,0.4,0.2,2.2,0.4,4.0,0.0,1.0
0.504,0.0,1.0,0.0,0.4,0.2,2.2,0.4,2.0,0.0,0.0
0.058,0.0,1.0,0.012,0.4,0.2,2.0,0.4,2.0,0.0,0.0
0.508,0.0,1.0,0.554,0.4,0.2,2.2,0.4,2.0,0.0,0.0
0.536,0.0,1.0,0.0,0.4,0.2,2.2,0.4,2.0,0.0,0.0
0.112,0.0,1.0,0.35,0.4,0.2,2.0,0.4,2.0,0.0,0.0
0.172,0.0,1.0,0.0,1.2,0.2,2.4,1.2,2.0,0.0,1.0
0.648,0.0,1.0,0.0,1.2,0.2,2.6,1.2,2.0,0.0,1.0
1.812,0.0,1.0,0.0,1.2,0.2,2.8,1.2,2.0,0.0,1.0
0.118,0.0,1.0,0.0,1.2,0.2,2.4,1.2,2.0,0.0,1.0
0.44,0.0,1.0,0.0,0.4,0.2,2.2,0.4,2.0,0.0,0.0
0.412,0.0,1.0,16.368,0.4,0.2,2.6,0.4,6.0,0.0,1.0
0.132,0.0,1.0,0.146,0.4,0.2,2.0,0.4,2.0,0.0,0.0
0.508,0.0,1.0,105.54,0.4,0.2,2.6,0.4,6.0,0.0,1.0
0.086,0.0,1.0,8.124,0.4,0.2,2.4,0.4,6.0,0.0,1.0
0.66,0.0,1.0,0.002,0.4,0.2,2.2,0.4,2.0,0.0,0.0
0.56,0.0,1.0,0.0,0.4,0.2,2.2,0.4,2.0,0.0,0.0
0.456,0.0,1.0,25.092,0.4,0.2,2.6,0.4,6.0,0.0,1.0
0.09,0.0,1.0,0.0,0.4,0.2,2.0,0.4,2.0,0.0,0.0
0.12,0.0,1.0,0.0,0.4,0.2,2.0,0.4,2.0,0.0,0.0
0.17,0.0,1.0,0.0,0.4,0.2,2.0,0.4,2.0,0.0,0.0
0.476,0.0,1.0,17.856,0.4,0.2,2.6,0.4,6.0,0.0,1.0
0.492,0.0,1.0,0.022,0.4,0.2,2.2,0.4,2.0,0.0,0.0
0.448,0.0,1.0,0.01,0.4,0.2,2.2,0.4,2.0,0.0,0.0
0.612,0.0,1.0,0.006,0.8,0.2,2.4,0.8,2.0,0.0,0.0
0.154,0.0,1.0,0.0,0.8,0.2,2.2,0.8,2.0,0.0,0.0
0.112,0.0,1.0,0.0,0.8,0.2,2.2,0.8,2.0,0.0,0.0
0.728,0.0,1.0,51.078,0.8,0.2,2.8,0.8,6.0,0.0,1.0
0.088,0.0,1.0,0.008,0.8,0.2,2.2,0.8,2.0,0.0,0.0
0.584,0.0,1.0,0.0,0.4,0.2,2.2,0.4,2.0,0.0,0.0
0.448,0.0,1.0,6.588,0.4,0.2,2.6,0.4,6.0,0.0,1.0
0.624,0.0,1.0,0.02,0.4,0.2,2.2,0.4,2.0,0.0,0.0
0.0,0.0,1.0,0.0,0.4,0.2,2.0,0.4,2.0,0.0,0.0
0.0,0.0,1.0,0.0,0.4,0.2,2.0,0.4,2.0,0.0,0.0
6.744,5.694,2.2,103.812,0.4,0.2,4.4,0.4,6.0,0.0,1.0
2.22,0.0,1.0,0.024,0.4,0.2,2.4,0.4,2.0,0.0,0.0
5.118,0.032,1.0,0.104,0.8,0.2,2.6,0.8,2.0,1.0,1.0
0.094,0.636,1.0,0.248,0.4,0.2,2.6,0.4,2.0,0.0,0.0
0.19,0.532,1.0,0.014,0.8,0.2,2.8,0.8,2.0,0.0,1.0
7.89,0.652,1.0,0.238,0.8,0.2,3.2,0.8,2.0,0.0,1.0
1.902,0.088,1.0,0.0,0.8,0.2,2.6,0.8,2.0,0.0,1.0
4.212,0.708,1.0,0.0,0.8,0.2,3.2,0.8,2.0,0.0,1.0
0.0,0.0,1.0,0.0,0.4,0.2,2.0,0.4,2.0,0.0,0.0
0.19,0.0,1.0,0.026,1.6,0.2,2.4,1.6,2.0,1.0,1.0
0.0,0.0,1.0,6.318,0.8,0.2,2.6,0.8,6.0,0.0,1.0
5.514,2.52,1.0,0.104,0.4,0.2,3.6,0.4,2.0,0.0,1.0
5.484,0.488,1.0,0.0,1.2,0.2,3.4,1.2,2.0,0.0,1.0
0.052,0.0,1.0,0.0,0.4,0.2,2.0,0.4,2.0,0.0,0.0
1.83,0.01,1.0,0.0,0.4,0.2,2.4,0.4,2.0,0.0,0.0
0.112,43.2,1.0,0.102,0.4,0.2,3.2,0.4,2.0,0.0,1.0
1.776,0.03,1.0,0.0,0.4,0.2,2.4,0.4,2.0,0.0,0.0
1.488,0.0,1.0,0.0,0.4,0.2,2.4,0.4,2.0,0.0,0.0
5.964,0.088,1.0,0.03,0.4,0.2,2.4,0.4,2.0,0.0,1.0
3.078,0.018,1.0,0.002,0.4,0.2,2.4,0.4,2.0,0.0,0.0
1.494,0.058,1.0,0.098,0.4,0.2,2.4,0.4,2.0,0.0,0.0
4.332,0.056,1.0,0.0,0.4,0.2,2.4,0.4,2.0,0.0,1.0
0.142,0.132,1.0,0.0,0.4,0.2,2.0,0.4,2.0,0.0,0.0
11.526,1.482,1.0,0.0,1.2,0.2,4.0,1.2,2.0,0.0,1.0
0.036,0.0,1.0,0.0,2.4,0.2,2.6,2.4,2.0,1.0,1.0
3.54,0.0,1.0,0.148,2.4,0.2,3.0,2.4,2.0,1.0,1.0
2.424,0.0,1.0,0.158,1.2,0.2,2.8,1.2,2.0,0.0,1.0
1.686,0.022,1.0,11.67,1.2,0.2,3.2,1.2,6.0,0.0,1.0
3.522,0.0,1.0,0.088,1.2,0.2,2.8,1.2,2.0,0.0,1.0
0.7,0.0,1.0,0.07,1.2,0.2,2.6,1.2,2.0,0.0,1.0
1.23,0.0,1.0,0.706,1.2,0.2,2.8,1.2,2.0,0.0,1.0
0.0,0.0,1.0,0.008,2.4,0.2,2.6,2.4,2.0,1.0,1.0
2.202,0.036,1.0,0.0,0.4,0.2,2.4,0.4,2.0,0.0,0.0
0.128,0.19,1.0,0.0,0.4,0.4,2.2,0.8,2.0,0.0,0.0
4.422,0.656,1.0,0.016,0.4,0.2,3.0,0.4,2.0,0.0,1.0
6.474,0.134,1.0,0.008,0.4,0.2,2.4,0.4,2.0,0.0,1.0
6.012,0.19,1.0,0.086,0.4,0.2,2.4,0.4,2.0,0.0,1.0
0.088,0.124,1.0,0.128,0.4,0.2,2.0,0.4,2.0,0.0,0.0
1.734,0.022,1.0,0.008,0.4,0.2,2.4,0.4,2.0,0.0,0.0
0.12,0.456,1.0,0.086,0.4,0.2,2.6,0.4,2.0,0.0,0.0
0.158,0.404,1.0,0.114,0.4,0.2,2.6,0.4,2.0,0.0,0.0
1.956,0.072,1.0,0.004,0.4,0.2,2.4,0.4,2.0,0.0,0.0
5.364,0.528,1.0,0.004,0.4,0.2,3.0,0.4,2.0,0.0,1.0
2.76,0.468,1.0,0.008,0.4,0.2,3.0,0.4,2.0,0.0,0.0
4.206,0.448,1.0,0.02,0.4,0.2,3.0,0.4,2.0,0.0,1.0
0.416,0.182,1.0,0.074,0.4,0.2,2.2,0.4,2.0,0.0,0.0
1.686,0.082,1.0,0.0,0.4,0.2,2.4,0.4,2.0,0.0,0.0
0.14,0.12,1.0,0.102,0.4,0.2,2.0,0.4,2.0,0.0,0.0
0.156,0.194,1.0,0.194,0.4,0.2,2.0,0.4,2.0,0.0,0.0
4.254,0.78,1.0,0.0,0.4,0.2,3.0,0.4,2.0,0.0,1.0
0.556,0.44,1.0,0.0,0.4,0.2,2.8,0.4,2.0,0.0,0.0
1.476,0.074,1.0,0.0,0.4,0.2,2.4,0.4,2.0,0.0,0.0
1.488,0.02,1.0,0.0,0.4,0.2,2.4,0.4,2.0,0.0,0.0
0.512,0.7,1.0,0.0,0.4,0.2,2.8,0.4,2.0,0.0,0.0
2.298,0.056,1.0,0.0,0.4,0.2,2.4,0.4,2.0,0.0,0.0
2.244,0.11,1.0,0.0,0.4,0.2,2.4,0.4,2.0,0.0,0.0
6.864,0.564,1.0,0.008,0.4,0.2,3.0,0.4,2.0,0.0,1.0
2.994,0.128,1.0,0.0,0.4,0.2,2.4,0.4,2.0,0.0,0.0
4.95,0.636,1.0,0.004,0.4,0.2,3.0,0.4,2.0,0.0,1.0
0.05,0.72,1.0,0.148,0.4,0.2,2.6,0.4,2.0,0.0,0.0
4.32,0.086,1.0,0.002,0.4,0.2,2.4,0.4,2.0,0.0,1.0
0.146,0.496,1.0,0.04,0.4,0.2,2.6,0.4,2.0,0.0,0.0
3.12,0.0,1.0,0.0,0.4,0.2,2.4,0.4,2.0,0.0,0.0
0.464,0.0,1.0,0.022,1.2,0.2,2.6,1.2,2.0,0.0,1.0
0.0,0.0,1.0,0.038,1.2,0.2,2.4,1.2,2.0,0.0,1.0
0.13,0.006,1.0,0.028,0.4,0.2,2.0,0.4,2.0,0.0,0.0
0.158,0.0,1.0,0.708,0.4,0.2,2.0,0.4,2.0,0.0,0.0
1.968,0.05,1.0,0.008,1.2,0.2,2.8,1.2,2.0,0.0,1.0
0.18,0.0,1.0,0.026,1.2,0.2,2.4,1.2,2.0,0.0,1.0
3.0,0.108,1.0,0.0,0.4,0.2,2.4,0.4,2.0,0.0,0.0
4.242,0.144,1.0,0.0,0.4,0.2,2.4,0.4,2.0,0.0,1.0
0.432,0.792,1.0,0.784,0.4,0.2,2.8,0.4,2.0,0.0,0.0
2.076,0.018,1.0,0.012,0.4,0.2,2.4,0.4,2.0,0.0,0.0
0.12,0.432,1.0,0.066,0.4,0.2,2.6,0.4,2.0,0.0,0.0
2.352,0.432,1.0,0.0,0.4,0.2,3.0,0.4,2.0,0.0,0.0
4.704,1.686,1.0,0.0,0.8,0.2,3.8,0.8,2.0,1.0,1.0
0.198,0.0,1.0,0.0,0.8,0.2,2.2,0.8,2.0,0.0,0.0
0.034,0.022,1.0,0.0,0.4,0.2,2.0,0.4,2.0,0.0,0.0
27.138,21.708,1.0,0.0,1.2,0.2,4.0,1.2,2.0,0.0,1.0
0.676,0.042,1.0,0.0,0.4,0.2,2.2,0.4,2.0,0.0,0.0
0.036,0.126,1.0,0.0,0.4,0.2,2.0,0.4,2.0,0.0,0.0
0.002,0.182,1.0,0.0,0.4,0.2,2.0,0.4,2.0,0.0,0.0
0.176,0.6,1.0,0.038,0.4,0.2,2.6,0.4,2.0,0.0,0.0
0.468,0.03,1.0,0.0,0.4,0.2,2.2,0.4,2.0,0.0,0.0
0.0,0.0,1.0,0.0,0.8,0.2,2.2,0.8,2.0,0.0,0.0
0.0,0.0,1.0,0.04,0.8,0.2,2.2,0.8,2.0,0.0,0.0
0.0,0.0,1.0,0.0,0.4,0.2,2.0,0.4,2.0,0.0,0.0
0.0,0.0,1.0,0.0,1.2,0.2,2.4,1.2,2.0,0.0,1.0
0.198,0.022,1.0,0.0,1.2,0.2,2.4,1.2,2.0,0.0,1.0
0.042,0.0,1.0,0.0,0.4,0.2,2.0,0.4,2.0,0.0,0.0
1.32,0.056,1.0,0.0,0.4,0.2,2.4,0.4,2.0,0.0,0.0
1.986,0.034,1.0,0.0,0.4,0.2,2.4,0.4,2.0,0.0,0.0
1.458,0.054,1.0,0.0,0.4,0.2,2.4,0.4,2.0,0.0,0.0
8.346,0.1,1.0,0.038,0.4,0.2,2.4,0.4,2.0,0.0,1.0
0.684,0.0,3.9,53.04,2.4,0.6,4.4,4.8,6.0,0.0,1.0
0.452,2.31,3.9,12.534,1.2,0.2,5.0,1.2,6.0,0.0,1.0
10.518,0.0,3.9,56.85,1.2,0.6,4.4,3.6,6.0,0.0,1.0
0.112,0.14,1.0,0.0,1.2,0.2,2.4,1.2,2.0,0.0,1.0
0.112,0.016,1.0,0.01,1.2,0.2,2.4,1.2,2.0,0.0,1.0
2.37,0.0,2.2,50.376,1.2,0.4,3.8,1.6,6.0,0.0,1.0
0.0,0.0,1.0,0.0,0.4,0.2,2.0,0.4,2.0,0.0,0.0
0.0,0.0,1.0,0.0,0.4,0.2,2.0,0.4,2.0,0.0,0.0
0.0,0.0,1.0,0.0,0.4,0.2,2.0,0.4,2.0,0.0,0.0
0.0,0.0,1.0,0.0,0.4,0.2,2.0,0.4,2.0,0.0,0.0
12.39,0.0,3.6,238.386,1.2,0.4,4.2,1.6,6.0,0.0,1.0
2.238,1.692,3.6,96.246,1.2,0.2,5.2,1.2,6.0,0.0,1.0
0.0,0.0,1.0,14.382,1.2,0.2,2.8,1.2,6.0,0.0,1.0
1.512,12.168,1.0,42.336,1.2,0.2,4.4,1.2,6.0,0.0,1.0
1.884,3.408,2.2,6.798,0.8,0.2,4.6,0.8,6.0,0.0,1.0
0.176,0.428,1.0,0.152,0.4,0.2,2.6,0.4,2.0,0.0,0.0
0.16,0.164,1.0,0.264,0.4,0.2,2.0,0.4,2.0,0.0,0.0
0.14,0.144,1.0,0.0,0.4,0.2,2.0,0.4,2.0,0.0,0.0
0.0,0.078,1.0,0.048,0.4,0.2,2.0,0.4,2.0,0.0,0.0
0.066,0.0,1.0,0.0,0.4,0.2,2.0,0.4,2.0,0.0,0.0
0.056,0.032,1.0,0.0,0.4,0.2,2.0,0.4,2.0,0.0,0.0
0.038,0.054,1.0,0.13,0.4,0.2,2.0,0.4,2.0,0.0,0.0
0.106,0.124,1.0,0.002,0.4,0.2,2.0,0.4,2.0,0.0,0.0
0.092,0.176,1.0,0.116,0.4,0.2,2.0,0.4,2.0,0.0,0.0
0.062,0.056,1.0,0.0,0.4,0.2,2.0,0.4,2.0,0.0,0.0
51.0,0.424,1.0,0.0,1.2,0.2,3.4,1.2,2.0,0.0,1.0
0.15,0.18,1.0,0.28,0.4,0.2,2.0,0.4,2.0,0.0,0.0
0.17,0.186,1.0,0.0,0.4,0.2,2.0,0.4,2.0,0.0,0.0
0.068,0.072,1.0,0.006,0.4,0.2,2.0,0.4,2.0,0.0,0.0
0.132,0.162,1.0,0.006,0.4,0.2,2.0,0.4,2.0,0.0,0.0
0.118,0.138,1.0,0.0,0.4,0.2,2.0,0.4,2.0,0.0,0.0
0.122,0.126,1.0,0.0,0.4,0.2,2.0,0.4,2.0,0.0,0.0
0.144,0.16,1.0,0.004,0.4,0.2,2.0,0.4,2.0,0.0,0.0
0.074,0.02,1.0,0.0,0.4,0.2,2.0,0.4,2.0,0.0,0.0
0.124,0.142,1.0,0.016,0.4,0.2,2.0,0.4,2.0,0.0,0.0
0.196,0.456,1.0,0.0,0.4,0.2,2.6,0.4,2.0,0.0,0.0
0.064,0.0,1.0,0.0,0.4,0.2,2.0,0.4,2.0,0.0,0.0
0.112,0.126,1.0,0.018,0.4,0.2,2.0,0.4,2.0,0.0,0.0
0.108,0.112,1.0,0.16,0.4,0.2,2.0,0.4,2.0,0.0,0.0
0.126,0.138,1.0,0.064,0.4,0.2,2.0,0.4,2.0,0.0,0.0
0.074,0.092,1.0,0.0,0.4,0.2,2.0,0.4,2.0,0.0,0.0
0.0,0.0,1.0,0.0,0.4,0.2,2.0,0.4,2.0,0.0,0.0
0.058,0.066,1.0,0.0,0.4,0.2,2.0,0.4,2.0,0.0,0.0
0.134,0.152,1.0,0.0,0.4,0.2,2.0,0.4,2.0,0.0,0.0
0.086,0.0,1.0,0.0,0.4,0.2,2.0,0.4,2.0,0.0,0.0
0.134,0.15,1.0,0.078,0.4,0.2,2.0,0.4,2.0,0.0,0.0
0.168,0.436,1.0,0.0,0.4,0.2,2.6,0.4,2.0,0.0,0.0
0.104,0.136,1.0,0.0,0.4,0.2,2.0,0.4,2.0,0.0,0.0
0.076,0.096,1.0,0.066,0.4,0.2,2.0,0.4,2.0,0.0,0.0
0.038,0.046,1.0,0.0,0.4,0.2,2.0,0.4,2.0,0.0,0.0
0.054,0.07,1.0,0.0,0.4,0.2,2.0,0.4,2.0,0.0,0.0
0.068,0.054,1.0,0.0,0.4,0.2,2.0,0.4,2.0,0.0,0.0
0.004,0.132,1.0,0.0,0.4,0.2,2.0,0.4,2.0,0.0,0.0
0.0,0.0,1.0,0.006,0.4,0.2,2.0,0.4,2.0,0.0,0.0
0.0,0.0,1.0,0.0,0.4,0.2,2.0,0.4,2.0,0.0,0.0
0.776,4.014,2.2,7.98,1.2,0.4,4.8,1.6,6.0,0.0,1.0
0.0,0.0,1.0,0.058,0.4,0.2,2.0,0.4,2.0,0.0,0.0
0.0,0.0,1.0,0.66,0.4,0.2,2.0,0.4,2.0,0.0,0.0
0.054,0.0,1.0,9.654,0.4,0.2,2.4,0.4,6.0,0.0,1.0
0.0,0.0,1.0,0.288,0.4,0.2,2.0,0.4,2.0,0.0,0.0
0.006,0.0,1.0,0.332,0.4,0.2,2.0,0.4,2.0,0.0,0.0
0.0,0.0,1.0,0.038,0.4,0.2,2.0,0.4,2.0,0.0,0.0
0.0,0.0,1.0,0.14,0.4,0.2,2.0,0.4,2.0,0.0,0.0
0.01,0.0,1.0,0.126,0.4,0.2,2.0,0.4,2.0,0.0,0.0
0.0,0.0,1.0,0.186,0.4,0.2,2.0,0.4,2.0,0.0,0.0
0.006,0.0,1.0,0.244,0.4,0.2,2.0,0.4,2.0,0.0,0.0
0.0,0.0,1.0,0.24,0.8,0.2,2.2,0.8,2.0,1.0,0.0
0.002,0.022,1.0,0.206,0.4,0.2,2.0,0.4,2.0,0.0,0.0
0.0,0.0,1.0,0.572,0.4,0.2,2.0,0.4,2.0,0.0,0.0
0.006,0.0,1.0,0.31,0.4,0.2,2.0,0.4,2.0,0.0,0.0
0.0,0.0,1.0,0.478,0.4,0.2,2.0,0.4,2.0,0.0,0.0
0.014,0.0,1.0,6.24,0.4,0.2,2.4,0.4,6.0,0.0,1.0
0.0,0.0,1.0,0.26,0.8,0.2,2.2,0.8,2.0,0.0,0.0
0.062,0.0,1.0,0.0,0.4,0.2,2.0,0.4,2.0,0.0,0.0
0.03,0.0,1.0,0.01,0.4,0.2,2.0,0.4,2.0,0.0,0.0
0.0,0.0,1.0,0.0,0.4,0.2,2.0,0.4,2.0,0.0,0.0
0.002,0.0,1.0,0.12,0.4,0.2,2.0,0.4,2.0,0.0,0.0
0.03,0.0,1.0,0.0,0.4,0.2,2.0,0.4,2.0,0.0,0.0
0.04,0.056,1.0,0.0,0.4,0.2,2.0,0.4,2.0,0.0,0.0
0.012,0.0,1.0,0.0,0.4,0.2,2.0,0.4,2.0,0.0,0.0
0.06,0.0,1.0,0.0,0.4,0.2,2.0,0.4,2.0,0.0,0.0
0.0,0.0,1.0,0.0,0.4,0.2,2.0,0.4,2.0,0.0,0.0
0.0,0.0,1.0,0.0,0.4,0.2,2.0,0.4,2.0,0.0,0.0
0.058,0.0,1.0,0.008,0.4,0.2,2.0,0.4,2.0,0.0,0.0
0.096,0.0,1.0,0.0,0.4,0.2,2.0,0.4,2.0,0.0,0.0
0.078,0.078,1.0,0.034,0.8,0.2,2.2,0.8,2.0,0.0,0.0
0.042,0.0,1.0,0.066,0.8,0.2,2.2,0.8,2.0,0.0,0.0
0.0,0.0,1.0,0.0,0.4,0.2,2.0,0.4,2.0,0.0,0.0
0.084,0.0,1.0,0.0,0.8,0.2,2.2,0.8,2.0,0.0,0.0
0.008,0.0,1.0,0.044,0.4,0.2,2.0,0.4,2.0,0.0,0.0
0.0,0.044,1.0,0.0,0.4,0.2,2.0,0.4,2.0,0.0,0.0
0.0,0.0,1.0,0.0,0.4,0.2,2.0,0.4,2.0,0.0,0.0
0.058,0.078,2.2,0.01,0.4,0.2,2.4,0.4,2.0,0.0,0.0
0.0,0.784,1.0,0.08,0.4,0.2,2.6,0.4,2.0,0.0,0.0
1.344,4.356,1.0,0.048,0.4,0.2,3.6,0.4,2.0,0.0,1.0
0.124,0.084,1.0,0.0,0.4,0.2,2.0,0.4,2.0,0.0,0.0
0.68,3.546,1.0,0.736,0.8,0.2,3.6,0.8,2.0,0.0,1.0
0.19,0.144,1.0,0.0,0.8,0.2,2.2,0.8,2.0,0.0,0.0
0.0,0.0,2.2,51.03,1.2,0.2,3.2,1.2,6.0,0.0,1.0
1.554,67.14,1.0,3.388,1.2,0.2,4.2,1.2,4.0,0.0,1.0
3.888,25.848,1.0,151.872,1.2,0.6,4.8,2.4,6.0,0.0,1.0
0.48,0.108,1.0,0.09,0.4,0.2,2.2,0.4,2.0,0.0,0.0
0.052,0.042,1.0,0.01,0.4,0.2,2.0,0.4,2.0,0.0,0.0
0.14,0.038,1.0,0.0,0.4,0.2,2.0,0.4,2.0,0.0,0.0
0.636,0.026,1.0,0.022,0.4,0.2,2.2,0.4,2.0,0.0,0.0
0.0,0.0,1.0,0.004,0.4,0.2,2.0,0.4,2.0,0.0,0.0
1.884,2.982,1.0,2.564,0.4,0.4,4.0,0.8,4.0,0.0,1.0
0.136,0.588,1.0,0.0,0.4,0.2,2.6,0.4,2.0,0.0,0.0
0.134,0.684,1.0,0.0,0.4,0.2,2.6,0.4,2.0,0.0,0.0
1.524,3.312,1.0,0.098,0.4,0.2,3.6,0.4,2.0,0.0,1.0
0.736,2.55,1.0,0.164,0.4,0.2,3.4,0.4,2.0,0.0,0.0
0.0,0.0,1.0,0.0,0.4,0.2,2.0,0.4,2.0,0.0,0.0
1.86,2.796,1.0,0.118,0.4,0.2,3.6,0.4,2.0,0.0,1.0
0.158,0.092,1.0,0.056,0.4,0.2,2.0,0.4,2.0,0.0,0.0
0.076,0.018,1.0,0.0,0.4,0.2,2.0,0.4,2.0,0.0,0.0
1.446,2.814,1.0,0.05,0.4,0.2,3.6,0.4,2.0,0.0,1.0
0.504,0.632,1.0,2.6,0.4,0.2,3.0,0.4,4.0,0.0,1.0
0.12,0.092,1.0,0.0,0.4,0.2,2.0,0.4,2.0,0.0,0.0
0.496,1.362,1.0,0.0,1.2,0.2,3.8,1.2,2.0,0.0,1.0
0.0,0.0,1.0,0.0,1.2,0.2,2.4,1.2,2.0,0.0,1.0
0.00012,0.444,1.0,0.0,1.2,0.2,3.0,1.2,2.0,0.0,1.0
0.596,1.404,1.0,0.05,0.4,0.2,3.4,0.4,2.0,0.0,0.0
0.508,1.2,1.0,0.036,0.4,0.2,3.4,0.4,2.0,0.0,0.0
1.452,2.118,1.0,2.524,0.4,0.2,3.8,0.4,4.0,0.0,1.0
0.138,0.162,1.0,0.0,0.4,0.2,2.0,0.4,2.0,0.0,0.0
0.74,2.496,1.0,0.102,0.4,0.2,3.4,0.4,2.0,0.0,0.0
0.74,2.496,1.0,0.33,0.4,0.2,3.4,0.4,2.0,0.0,0.0
1.47,3.282,1.0,2.244,0.4,0.2,3.8,0.4,4.0,0.0,1.0
0.108,0.134,1.0,0.0,0.4,0.2,2.0,0.4,2.0,0.0,0.0
0.0,0.0,1.0,0.0,0.4,0.2,2.0,0.4,2.0,0.0,0.0
0.58,3.474,1.0,0.138,0.4,0.2,3.4,0.4,2.0,0.0,1.0
0.168,0.0,1.0,0.0,0.4,0.2,2.0,0.4,2.0,0.0,0.0
0.0,0.0,1.0,0.0,0.4,0.2,2.0,0.4,2.0,0.0,0.0
0.022,0.0,1.0,0.0,0.4,0.2,2.0,0.4,2.0,0.0,0.0
0.098,0.0,1.0,0.0,0.4,0.2,2.0,0.4,2.0,0.0,0.0
0.082,0.0,1.0,0.0,0.4,0.2,2.0,0.4,2.0,0.0,0.0
0.112,0.0,1.0,0.0,0.4,0.2,2.0,0.4,2.0,0.0,0.0
0.174,0.0,1.0,0.02,0.4,0.2,2.0,0.4,2.0,0.0,0.0
0.1,0.0,1.0,0.0,0.4,0.2,2.0,0.4,2.0,0.0,0.0
0.0,0.0,1.0,0.004,0.4,0.2,2.0,0.4,2.0,0.0,0.0
0.076,0.098,1.0,0.0,0.4,0.2,2.0,0.4,2.0,0.0,0.0
0.0,0.006,1.0,0.0,0.4,0.2,2.0,0.4,2.0,0.0,0.0
0.034,0.0,1.0,0.0,0.4,0.2,2.0,0.4,2.0,0.0,0.0
0.168,0.0,1.0,0.0,0.8,0.2,2.2,0.8,2.0,0.0,0.0
0.098,2.868,1.0,0.0,0.4,0.2,3.2,0.4,2.0,0.0,0.0
0.134,0.082,1.0,0.198,0.8,0.2,2.2,0.8,2.0,0.0,0.0
0.09,4.962,1.0,3.772,0.8,0.2,3.6,0.8,4.0,0.0,1.0
0.0,0.0,1.0,0.0,0.8,0.2,2.2,0.8,2.0,0.0,0.0
0.136,0.0,1.0,0.0,0.8,0.2,2.2,0.8,2.0,0.0,0.0
0.198,0.0,1.0,0.0,0.8,0.2,2.2,0.8,2.0,0.0,0.0
0.058,0.0,1.0,0.0,0.8,0.2,2.2,0.8,2.0,0.0,0.0
0.668,0.0,1.0,0.012,0.8,0.2,2.4,0.8,2.0,0.0,0.0
0.42,1.302,1.0,0.0,0.8,0.2,3.6,0.8,2.0,0.0,1.0
0.148,0.0,1.0,0.0,1.2,0.2,2.4,1.2,2.0,0.0,1.0
0.0,0.0,1.0,0.0,1.2,0.2,2.4,1.2,2.0,0.0,1.0
0.102,0.544,1.0,0.0,0.4,0.2,2.6,0.4,2.0,0.0,0.0
0.148,0.0,1.0,0.03,0.4,0.2,2.0,0.4,2.0,0.0,0.0
0.046,0.0,1.0,0.0,0.4,0.2,2.0,0.4,2.0,0.0,0.0
0.0,0.52,1.0,0.0,0.4,0.2,2.6,0.4,2.0,0.0,0.0
0.098,0.0,1.0,0.0,0.4,0.2,2.0,0.4,2.0,0.0,0.0
0.146,0.0,1.0,0.0,0.4,0.2,2.0,0.4,2.0,0.0,0.0
0.056,0.05,1.0,0.0,0.4,0.2,2.0,0.4,2.0,0.0,0.0
0.064,0.0,1.0,0.0,0.8,0.2,2.2,0.8,2.0,1.0,0.0
0.042,0.0,1.0,0.0,0.4,0.2,2.0,0.4,2.0,0.0,0.0
0.652,0.0,1.0,0.0,0.4,0.2,2.2,0.4,2.0,0.0,0.0
0.16,0.0,1.0,0.0,0.4,0.2,2.0,0.4,2.0,0.0,0.0
0.0,0.0,1.0,0.0,0.4,0.2,2.0,0.4,2.0,0.0,0.0
0.166,0.0,1.0,0.0,0.4,0.2,2.0,0.4,2.0,0.0,0.0
0.114,0.504,1.0,0.02,0.4,0.2,2.6,0.4,2.0,0.0,0.0
0.142,0.0,1.0,0.0,0.4,0.2,2.0,0.4,2.0,0.0,0.0
0.03,0.0,1.0,0.0,0.4,0.2,2.0,0.4,2.0,0.0,0.0
0.504,0.0,1.0,0.0,0.4,0.2,2.2,0.4,2.0,0.0,0.0
0.0,0.0,1.0,0.002,0.4,0.2,2.0,0.4,2.0,0.0,0.0
0.0,0.0,1.0,0.0,0.4,0.2,2.0,0.4,2.0,0.0,0.0
0.018,0.0,1.0,0.0,0.4,0.2,2.0,0.4,2.0,0.0,0.0
0.102,0.006,1.0,0.0,0.4,0.2,2.0,0.4,2.0,0.0,0.0
0.098,0.0,1.0,0.004,0.4,0.2,2.0,0.4,2.0,0.0,0.0
0.44,0.0,1.0,0.0,0.4,0.2,2.2,0.4,2.0,0.0,0.0
0.456,0.0,1.0,0.0,0.8,0.2,2.4,0.8,2.0,0.0,0.0
0.0,0.0,1.0,0.0,0.4,0.2,2.0,0.4,2.0,0.0,0.0
1.38,0.0,1.0,0.0,0.4,0.2,2.4,0.4,2.0,0.0,0.0
0.64,0.098,1.0,53.004,0.4,0.2,2.6,0.4,6.0,0.0,1.0
0.596,0.0,1.0,0.0,0.4,0.2,2.2,0.4,2.0,0.0,0.0
0.048,0.0,1.0,0.0,0.4,0.2,2.0,0.4,2.0,0.0,0.0
0.084,0.0,1.0,0.0,0.4,0.2,2.0,0.4,2.0,0.0,0.0
0.428,0.032,1.0,0.0,0.4,0.2,2.2,0.4,2.0,0.0,0.0
0.556,0.0,1.0,0.0,0.4,0.2,2.2,0.4,2.0,0.0,0.0
0.014,0.0,1.0,0.0,0.4,0.2,2.0,0.4,2.0,0.0,0.0
0.098,0.08,1.0,0.0,0.4,0.2,2.0,0.4,2.0,0.0,0.0
0.176,0.108,1.0,0.022,0.4,0.2,2.0,0.4,2.0,0.0,0.0
0.0,0.696,1.0,0.0,0.4,0.2,2.6,0.4,2.0,0.0,0.0
0.512,0.0,1.0,0.044,0.4,0.2,2.2,0.4,2.0,0.0,0.0
0.0,0.0,1.0,0.0,0.4,0.2,2.0,0.4,2.0,0.0,0.0
0.042,0.0,1.0,0.0,0.4,0.2,2.0,0.4,2.0,0.0,0.0
0.184,0.0,1.0,0.0,0.4,0.2,2.0,0.4,2.0,0.0,0.0
0.034,0.0,1.0,0.0,0.4,0.2,2.0,0.4,2.0,0.0,0.0
0.052,0.00042,1.0,0.0,0.4,0.2,2.0,0.4,2.0,0.0,0.0
0.156,0.0,1.0,0.0,0.4,0.2,2.0,0.4,2.0,0.0,0.0
0.196,0.0,1.0,0.0,0.4,0.2,2.0,0.4,2.0,0.0,0.0
0.054,0.00034,1.0,0.0,0.4,0.2,2.0,0.4,2.0,0.0,0.0
0.082,0.022,1.0,0.0,0.4,0.2,2.0,0.4,2.0,0.0,0.0
0.148,0.0,1.0,0.142,0.4,0.2,2.0,0.4,2.0,0.0,0.0
0.164,1.752,1.0,0.0,0.4,0.2,3.2,0.4,2.0,0.0,0.0
0.0,7.008,1.0,0.0,0.4,0.2,3.2,0.4,2.0,0.0,1.0
0.122,0.0,1.0,0.0,0.4,0.2,2.0,0.4,2.0,0.0,0.0
0.124,0.094,1.0,0.116,0.4,0.2,2.0,0.4,2.0,0.0,0.0
0.0,0.0,1.0,0.714,0.4,0.2,2.0,0.4,2.0,0.0,0.0
0.0,0.0,1.0,0.0,0.4,0.2,2.0,0.4,2.0,0.0,0.0
0.432,0.0,1.0,0.0,0.4,0.2,2.2,0.4,2.0,0.0,0.0
0.14,0.0,1.0,0.0,0.4,0.2,2.0,0.4,2.0,0.0,0.0
0.544,0.0,1.0,0.0,0.4,0.2,2.2,0.4,2.0,0.0,0.0
0.0,3.144,1.0,0.0,0.4,0.2,3.2,0.4,2.0,0.0,0.0
0.064,0.034,1.0,0.0,0.4,0.2,2.0,0.4,2.0,0.0,0.0
0.066,0.00026,1.0,0.0,0.4,0.2,2.0,0.4,2.0,0.0,0.0
0.432,0.184,1.0,0.008,0.4,0.2,2.2,0.4,2.0,0.0,0.0
0.12,0.0,1.0,0.0,0.4,0.2,2.0,0.4,2.0,0.0,0.0
0.152,0.0,1.0,0.0,0.4,0.2,2.0,0.4,2.0,0.0,0.0
0.0,1.794,1.0,0.012,0.4,0.2,3.2,0.4,2.0,0.0,0.0
0.0,0.0,1.0,0.0,0.4,0.2,2.0,0.4,2.0,0.0,0.0
0.098,0.056,1.0,0.014,0.4,0.2,2.0,0.4,2.0,0.0,0.0
0.0,0.162,1.0,0.0,0.4,0.2,2.0,0.4,2.0,0.0,0.0
0.082,0.0,1.0,0.0,0.4,0.2,2.0,0.4,2.0,0.0,0.0
0.0,0.0,1.0,0.0,0.4,0.2,2.0,0.4,2.0,0.0,0.0
0.164,0.0,1.0,0.0,0.4,0.2,2.0,0.4,2.0,0.0,0.0
0.064,0.00018,1.0,0.0,0.4,0.2,2.0,0.4,2.0,0.0,0.0
0.424,0.126,1.0,0.18,1.2,0.2,2.6,1.2,2.0,0.0,1.0
0.0,0.0,1.0,0.0,0.4,0.2,2.0,0.4,2.0,0.0,0.0
0.0,0.0,1.0,0.026,0.4,0.2,2.0,0.4,2.0,0.0,0.0
0.0,0.0,1.0,0.0,0.4,0.2,2.0,0.4,2.0,0.0,0.0
0.102,0.652,1.0,0.36,0.4,0.2,2.6,0.4,2.0,0.0,0.0
0.424,0.0,1.0,0.0,0.4,0.2,2.2,0.4,2.0,0.0,0.0
0.142,0.05,1.0,0.0,0.4,0.2,2.0,0.4,2.0,0.0,0.0
0.0,5.094,1.0,0.086,0.4,0.2,3.2,0.4,2.0,0.0,1.0
0.64,0.0,1.0,0.0,0.4,0.2,2.2,0.4,2.0,0.0,0.0
0.06,0.00046,1.0,0.0,0.4,0.2,2.0,0.4,2.0,0.0,0.0
0.094,0.092,1.0,0.084,0.4,0.2,2.0,0.4,2.0,0.0,0.0
0.0,0.0,1.0,0.004,0.4,0.2,2.0,0.4,2.0,0.0,0.0
0.476,0.0,1.0,0.0,0.4,0.2,2.2,0.4,2.0,0.0,0.0
0.0,0.516,1.0,0.0,0.4,0.2,2.6,0.4,2.0,0.0,0.0
0.14,0.158,2.2,0.382,0.4,0.2,2.4,0.4,2.0,0.0,0.0
0.166,0.0,1.0,0.028,0.4,0.2,2.0,0.4,2.0,0.0,0.0
0.148,0.0,1.0,0.48,0.4,0.2,2.0,0.4,2.0,0.0,0.0
0.04,0.0,1.0,0.0,0.4,0.2,2.0,0.4,2.0,0.0,0.0
0.56,0.012,1.0,0.0,0.4,0.2,2.2,0.4,2.0,0.0,0.0
0.08,0.0005,1.0,0.0,0.4,0.2,2.0,0.4,2.0,0.0,0.0
0.17,0.4,1.0,0.08,0.4,0.2,2.6,0.4,2.0,0.0,0.0
0.0,0.176,1.0,0.014,0.4,0.2,2.0,0.4,2.0,0.0,0.0
0.0,0.0,1.0,0.0,0.4,0.2,2.0,0.4,2.0,0.0,0.0
0.448,0.0,1.0,0.0,0.4,0.2,2.2,0.4,2.0,0.0,0.0
0.512,0.0,1.0,0.0,0.4,0.2,2.2,0.4,2.0,0.0,0.0
0.0,0.464,1.0,0.0,0.4,0.2,2.6,0.4,2.0,0.0,0.0
0.02,0.0,1.0,0.0,0.4,0.2,2.0,0.4,2.0,0.0,0.0
0.424,0.64,1.0,9.654,0.4,0.2,3.2,0.4,6.0,0.0,1.0
0.05,0.00034,1.0,0.0,0.4,0.2,2.0,0.4,2.0,0.0,0.0
0.062,0.0003,1.0,0.0,0.4,0.2,2.0,0.4,2.0,0.0,0.0
0.0,0.0,1.0,0.0,0.4,0.2,2.0,0.4,2.0,0.0,0.0
0.168,0.0,1.0,0.0,0.4,0.2,2.0,0.4,2.0,0.0,0.0
0.436,0.0,1.0,0.0,0.4,0.2,2.2,0.4,2.0,0.0,0.0
0.516,0.0,1.0,0.0,0.4,0.2,2.2,0.4,2.0,0.0,0.0
0.102,0.074,1.0,0.0,0.4,0.2,2.0,0.4,2.0,0.0,0.0
0.018,0.0,1.0,0.0,0.4,0.2,2.0,0.4,2.0,0.0,0.0
0.078,0.182,1.0,0.0,0.4,0.2,2.0,0.4,2.0,0.0,0.0
0.428,0.0,1.0,0.0,0.4,0.2,2.2,0.4,2.0,0.0,0.0
0.0,0.0,1.0,0.0,0.4,0.2,2.0,0.4,2.0,0.0,0.0
0.1,1.782,1.0,0.036,0.4,0.2,3.2,0.4,2.0,0.0,0.0
0.098,0.11,1.0,0.0,0.4,0.2,2.0,0.4,2.0,0.0,0.0
0.168,0.13,1.0,0.0,0.4,0.2,2.0,0.4,2.0,0.0,0.0
0.18,0.444,1.0,0.0,0.4,0.2,2.6,0.4,2.0,0.0,0.0
0.118,0.0,1.0,0.0,0.4,0.2,2.0,0.4,2.0,0.0,0.0
0.004,0.0,1.0,0.0,0.4,0.2,2.0,0.4,2.0,0.0,0.0
0.592,2.688,1.0,0.0,0.4,0.2,3.4,0.4,2.0,0.0,0.0
0.0,1.98,1.0,0.0,0.4,0.2,3.2,0.4,2.0,0.0,0.0
0.16,0.114,1.0,0.0,0.4,0.2,2.0,0.4,2.0,0.0,0.0
0.072,0.108,1.0,0.042,0.4,0.2,2.0,0.4,2.0,0.0,0.0
0.088,0.106,1.0,0.0,0.4,0.2,2.0,0.4,2.0,0.0,0.0
0.102,0.1,1.0,0.018,0.4,0.2,2.0,0.4,2.0,0.0,0.0
0.15,0.09,1.0,0.0,0.4,0.2,2.0,0.4,2.0,0.0,0.0
0.094,0.074,1.0,0.0,0.4,0.2,2.0,0.4,2.0,0.0,0.0
0.048,0.008,1.0,0.0,0.4,0.2,2.0,0.4,2.0,0.0,0.0
0.04,0.0,1.0,0.0,0.4,0.2,2.0,0.4,2.0,0.0,0.0
0.0,0.0,1.0,0.064,0.4,0.2,2.0,0.4,2.0,0.0,0.0
